시간,규모,진앙(km),위도,경도,위치
2012-01-01 19:40,2, ,39.02,125.82,북한 평양 동쪽 6km 지역
2012-01-16 3:03,2.2, ,36.79,128.75,경북 안동시 북쪽 25km 지역
2012-01-19 15:43,2.7, ,38.51,126.23,북한 황해북도 평산 북서쪽 24km 지역
2012-01-24 2:41,2.2, ,37.12,125.96,인천 옹진군 덕적도 서남서쪽 20km 해역
2012-02-19 20:21,2.7, ,35.13,129.89,울산 동구 남동쪽 59km 해역
2012-02-21 22:30,2.5, ,35.13,129.8,부산 기장군 동남동쪽 54km 해역
2012-02-24 0:54,2.4, ,35.13,129.85,울산 동구 남동쪽 57km 해역
2012-02-24 9:05,3.2, ,35.2,129.93,울산 동구 남동쪽 57km 해역
2012-02-27 0:26,2.5, ,35.15,129.85,울산 동구 남동쪽 55km 해역
2012-03-18 9:21,2.5, ,36.9,130.24,경북 울진군 동쪽 75km 해역
2012-03-29 0:26,2.2, ,35.34,125.95,전북 부안군 위도 남서쪽 43km 해역
2012-03-30 14:51,2.3, ,36.49,127.91,경북 상주시 서북서쪽 24km 지역
2012-04-17 13:31,2.6, ,35.72,126.51,전북 부안군 서쪽 20km 해역
2012-04-20 21:11,3.1, ,33.43,127.26,제주 서귀포시 성산 동쪽 36km 해역
2012-05-02 1:33,3.4, ,33.69,126.04,제주 제주시 고산 북북서쪽 46km 해역
2012-05-02 5:04,2.1, ,35.77,126.81,전북 김제시 서남서쪽 7km 지역
2012-05-11 12:46,3.9, ,36.02,127.71,전북 무주군 동북동쪽 5km 지역
2012-05-15 11:05,2.9, ,35.92,129.62,경북 포항시 남구 동남동쪽 25km 해역
2012-05-16 17:50,2.7, ,36.23,128.49,경북 군위군 서쪽 8km 지역
2012-05-30 2:48,3.4, ,36.57,129.57,경북 영덕군 북동쪽 25km 해역
2012-06-01 8:09,2.3, ,35.92,127.61,전북 무주군 남남서쪽 10km 지역
2012-06-01 12:05,2.6, ,37.12,125.96,인천 옹진군 덕적도 서남서쪽 20km 해역
2012-06-05 8:18,2.1, ,38.43,126.16,북한 황해북도 평산 서북서쪽 23km 지역
2012-06-12 3:42,2.1, ,36.32,127.51,충북 옥천군 서북서쪽 6km 지역
2012-06-12 9:01,2.1, ,38.77,125.72,북한 황해북도 송림 동북동쪽 8km 지역
2012-06-12 13:34,2.4, ,37.33,125.27,인천 옹진군 연평도 남서쪽 53km 해역
2012-06-12 17:52,2.2, ,35.87,128.67,대구 수성구 동북동쪽 4km 지역
2012-06-14 6:15,2.1, ,39.72,126.92,북한 함경남도 요덕 북동쪽 10km지역
2012-06-19 20:55,3.1, ,33.48,125.93,제주 제주시 고산 북서쪽 30km 해역
2012-06-23 16:42,2.6, ,36.7,128.31,경북 문경시 북동쪽 17km 지역
2012-06-24 1:20,2.1, ,37.53,124.56,인천 백령도 남남서쪽 48km 해역
2012-07-03 9:42,2.2, ,37.19,129.08,강원 삼척시 남남서쪽 30km 지역
2012-07-08 9:43,2.5, ,35.72,129.35,경북 경주시 남동쪽 18km 지역
2012-07-09 8:59,2.4, ,35.32,128.71,경남 창원시 북북동쪽 11km지역
2012-07-11 19:27,2.5, ,36.9,125.27,충남 태안군 서격렬비도 북서쪽 41km 해역
2012-07-11 19:33,2.1, ,36.87,125.28,충남 태안군 서격렬비도 북서쪽 38km 해역
2012-07-14 2:38,2.6, ,33.78,124.97,전남 신안군 가거도 남남서쪽 34km 해역
2012-07-22 12:04,2.3, ,34.69,126.6,전남 영암군 남서쪽 15km 지역
2012-07-26 19:24,3.4, ,37.98,125.45,북한 황해남도 옹진 북동쪽 10km 지역
2012-07-29 3:22,2.7, ,32.85,126.02,제주 제주시 고산 남남서쪽 51km 해역
2012-08-10 21:25,2.6, ,35.82,128.39,경북 고령군 북동쪽 16km 지역
2012-08-13 0:54,2.2, ,36.84,128.68,경북 영주시 북동쪽 6km 지역
2012-08-18 18:06,2.2, ,36.2,125.26,충남 태안군 서격렬비도 남남서쪽 51km 해역
2012-09-07 2:34,3.1, ,36.4,127.25,충남 공주시 동남동쪽 12km 지역
2012-09-10 22:06,2.1, ,35.82,129.41,경북 경주시 동쪽 18km 지역
2012-09-18 5:39,2.7, ,33.53,125.81,제주 제주시 고산 북서쪽 42km 해역
2012-09-19 14:49,2.1, ,34.71,128.72,경남 통영시 매물도 동북동쪽 15km 해역
2012-09-19 14:52,2.2, ,34.66,128.75,경남 통영시 매물도 동쪽 16km 해역
2012-09-20 2:43,2.4, ,35.61,129.82,울산 동구 동북동쪽 38km 해역
2012-09-24 9:59,2.5, ,38.73,125.48,북한 남포 남동쪽 4km 지역
2012-09-27 22:24,2.7, ,35.4,126.08,전북 부안군 위도 남서쪽 30km 해역
2012-09-28 19:36,2.1, ,36.41,128.73,경북 의성군 북북동쪽 7km 지역
2012-10-01 6:51,2.4, ,36.73,128.4,경북 예천군 북북서쪽 10km 지역
2012-10-17 14:37,2.5, ,37.54,124.84,인천 백령도 남남동쪽 48km 해역
2012-11-22 3:04,3, ,35.22,127.97,경남 진주시 서북서쪽 11km 지역
2012-12-19 15:05,2.2, ,35.72,127.22,전북 완주군 남남동쪽 21km 지역
2013-01-02 5:53,2.5, ,33.37,127.27,제주 서귀포시 성산 동쪽 36km 해역
2013-01-15 13:31,2.8, ,36.59,129.73,경북 영덕군 동북동쪽 38km 해역
2013-01-26 8:57,2.4, ,36.11,127.73,충북 영동군 남서쪽 9km 지역
2013-02-04 5:39,3.1, ,36.55,128.9,경북 안동시 동쪽 15km 지역
2013-02-05 21:25,3.5, ,35.77,127.97,경남 거창군 북북동쪽 11km 지역
2013-02-07 22:07,2.2, ,35.76,129.13,경북 경주시 남서쪽 12km 지역
2013-04-10 13:07,2.2, ,36.5,127.44,충북 청원군 남남서쪽 16km 지역
2013-04-14 16:16,2.3, ,38.2,129.29,강원 양양군 동북동쪽 60km 해역
2013-04-17 21:33,2.3, ,36.56,129.61,경북 영덕군 북동쪽 27km 해역
2013-04-19 23:46,2.2, ,36.55,129.6,경북 영덕군 북동쪽 26km 해역
2013-04-21 8:21,4.9, ,35.16,124.56,전남 신안군 흑산면 북서쪽 101km 해역
2013-04-21 18:21,2.7, ,35.14,124.49,전남 신안군 흑산면 서북서쪽 105km 해역
2013-04-28 3:39,2.7, ,33.65,127.29,전남 여수시 거문도 남쪽 42km 해역
2013-04-30 5:26,2.5, ,36.47,129.61,경북 영덕군 동북동쪽 23km 해역
2013-04-30 10:58,2, ,36.46,129.63,경북 영덕군 동북동쪽 24km 해역
2013-05-14 20:17,2.8, ,37.7,124.79,인천 백령도 남남동쪽 30km 해역
2013-05-15 8:34,2.7, ,37.71,124.68,인천 백령도 남쪽 27km 해역
2013-05-15 8:48,2.8, ,37.69,124.74,인천 백령도 남쪽 30km 해역
2013-05-18 3:00,3.5, ,37.68,124.6,인천 백령도 남남동쪽 31km 해역
2013-05-18 7:02,4.9, ,37.68,124.63,인천 백령도 남쪽 31km 해역
2013-05-18 7:24,2.2, ,37.69,124.65,인천 백령도 남쪽 29km 해역
2013-05-18 7:26,3.3, ,37.67,124.66,인천 백령도 남쪽 31km 해역
2013-05-18 7:54,2.5, ,37.69,124.65,인천 백령도 남쪽 29km 해역
2013-05-18 9:13,2.4, ,37.67,124.62,인천 백령도 남쪽 32km 해역
2013-05-18 9:32,2.5, ,37.64,124.57,인천 백령도 남남서쪽 36km 해역
2013-05-18 11:45,3.9, ,37.67,124.61,인천 백령도 남쪽 32km 해역
2013-05-18 14:09,2.6, ,37.71,124.68,인천 백령도 남쪽 27km 해역
2013-05-18 16:18,2.1, ,37.69,124.61,인천 백령도 남남서쪽 30km해역
2013-05-19 5:27,2.3, ,37.73,124.74,인천 백령도 남남동쪽 25km 해역
2013-05-21 16:17,3.7, ,37.66,124.71,인천 백령도 남쪽 33km 해역
2013-05-22 23:25,2.1, ,38.75,128.81,강원 고성군 북동쪽 51km 해역
2013-06-05 12:34,2.6, ,36.23,126.18,충남 보령시 서남서쪽 41km 해역
2013-06-08 5:56,3.2, ,35.14,126.96,광주 동구 동쪽 3km 지역
2013-06-10 14:01,2.1, ,37.71,124.7,인천 백령도 남쪽 27km 해역
2013-06-16 19:47,2.1, ,36.19,126.15,충남 보령시 서남서쪽 45km 해역
2013-06-16 22:12,2.5, ,36.2,126.16,충남 보령시 서남서쪽 43km 해역
2013-06-17 20:31,2.4, ,36.2,126.17,충남 보령시 서남서쪽 43km 해역
2013-06-18 2:31,2.3, ,36.21,126.18,충남 보령시 서남서쪽 41km 해역
2013-06-19 1:52,2.3, ,36.2,126.16,충남 보령시 서남서쪽 43km 해역
2013-06-19 16:02,2.6, ,36.19,126.16,충남 보령시 서남서쪽 44km 해역
2013-06-20 12:35,2.4, ,39.23,125.95,북한 평안남도 평성 동쪽 8km 지역
2013-06-21 16:29,2.2, ,36.19,126.14,충남 보령시 서남서쪽 45km 해역
2013-06-21 21:55,2.4, ,36.2,126.19,충남 보령시 서남서쪽 41km 해역
2013-06-22 3:51,2.5, ,36.2,126.17,충남 보령시 서남서쪽 43km 해역
2013-06-22 10:37,2.8, ,36.19,126.16,충남 보령시 서남서쪽 44km 해역
2013-06-22 11:18,2.3, ,36.2,126.17,충남 보령시 서남서쪽 43km 해역
2013-06-24 5:28,2.3, ,36.2,126.17,충남 보령시 서남서쪽 43km 해역
2013-06-24 18:26,2.1, ,38.04,129.75,강원 동해시 북동쪽 80km 해역
2013-06-27 19:33,2.5, ,36.2,126.14,충남 보령시 서남서쪽 45km 해역
2013-06-29 13:32,2.3, ,36.2,126.17,충남 보령시 서남서쪽 43km 해역
2013-07-01 11:24,3, ,38.78,126.36,북한 황해북도 신계 북북서쪽 35km 지역
2013-07-13 2:02,3.5, ,36.2,126.18,충남 보령시 서남서쪽 42km 해역
2013-07-15 1:39,2.4, ,33.03,125.68,제주 제주시 고산 서남서쪽 68km 해역
2013-07-15 19:44,2.5, ,36.2,126.15,충남 보령시 서남서쪽 44km 해역
2013-07-23 16:03,2.7, ,36.19,126.16,충남 보령시 서남서쪽 44km 해역
2013-07-26 11:23,2.2, ,36.19,126.14,충남 보령시 서남서쪽 45km 해역
2013-07-28 9:10,2.8, ,36.2,126.14,충남 보령시 서남서쪽 45km 해역
2013-07-29 10:29,2.7, ,36.2,126.13,충남 보령시 서남서쪽 46km 해역
2013-07-30 14:57,2.7, ,36.21,126.14,충남 보령시 서남서쪽 45km 해역
2013-07-31 20:05,2.2, ,36.21,126.17,충남 보령시 서남서쪽 42km 해역
2013-07-31 20:27,2.2, ,36.2,126.17,충남 보령시 서남서쪽 43km 해역
2013-07-31 22:30,3.2, ,36.21,126.18,충남 보령시 서남서쪽 41km 해역
2013-08-01 0:57,2.8, ,36.23,126.22,충남 보령시 서남서쪽 37km 해역
2013-08-01 17:22,3.1, ,36.19,126.17,충남 보령시 서남서쪽 43km 해역
2013-08-04 19:58,2.3, ,36.2,126.16,충남 보령시 서남서쪽 43km 해역
2013-08-07 21:08,2, ,36.19,126.08,충남 보령시 서남서쪽 51km 해역
2013-08-10 12:43,2.6, ,35.9,129.75,경북 포항시 남구 동남동쪽 37km 해역
2013-08-11 4:19,2.3, ,38.48,126.13,북한 황해북도 평산 북서쪽 28km 지역
2013-08-12 4:33,3.1, ,35.66,129.75,울산 동구 동북동쪽 35km 해역
2013-08-12 4:39,2.3, ,35.66,129.77,울산 동구 동북동쪽 36km 해역
2013-08-13 0:01,2.1, ,36.92,129.44,경북 울진군 남남동쪽 8km 해역
2013-08-13 0:36,3, ,36.91,129.44,경북 울진군 남남동쪽 10km 해역
2013-08-29 8:35,2.5, ,38.19,129.3,강원 강릉시 북동쪽 60km 해역
2013-09-11 13:00,4, ,33.56,125.39,전남 신안군 가거도 남남동쪽 60km 해역
2013-09-14 17:33,2.2, ,36.2,126.16,충남 보령시 서남서쪽 43km 해역
2013-09-15 13:16,2.3, ,36.55,129.23,경북 영양군 남동쪽 16km 지역
2013-10-10 13:08,2.6, ,35.36,128.23,경남 의령군 북서쪽 5km 지역
2013-10-11 16:06,3.6, ,36.46,129.61,경북 영덕군 동북동쪽 22km 해역
2013-10-19 0:16,2, ,35.96,128.06,경북 김천시 남쪽 20km 지역
2013-10-26 6:47,2.7, ,37.96,124.61,인천 백령도 서쪽 6km 해역
2013-11-08 19:14,2.6, ,36.23,126.36,충남 보령시 서남서쪽 25km 해역
2013-11-08 21:02,3, ,36.24,126.36,충남 보령시 서남서쪽 25km 해역
2013-11-10 16:28,2, ,37.66,124.67,인천 백령도 남쪽 33km 해역
2013-11-16 22:32,2.1, ,38.51,125.66,북한 황해북도 사리원 서쪽 9km 지역
2013-11-20 21:07,2.1, ,38.47,126.17,북한 황해북도 평산 북서쪽 25km 지역
2013-11-22 23:29,2.1, ,36.99,126.4,충남 서산시 북북서쪽 24km 지역
2013-11-26 2:26,2.1, ,37.12,128.11,충북 제천시 서남서쪽 10km 지역
2013-12-02 20:02,2.8, ,38.56,126.1,북한 황해북도 사리원 동북동쪽 30km 지역
2013-12-03 21:00,2.5, ,35.64,128.72,경북 청도군 서남서쪽 2km 지역
2013-12-04 6:28,2.4, ,38.71,125.69,북한 황해북도 송림 동남동쪽 6km 지역
2013-12-08 16:38,2.8, ,33.44,125.09,제주 제주시 고산 서쪽 101km 해역
2013-12-13 11:40,2.5, ,36.1,129.04,경북 영천시 북북동쪽 17km 지역
2013-12-19 12:38,2.9, ,38.11,127.11,경기 연천군 동북동쪽 3km 지역
2014-01-29 6:08,2.2, ,36.23,128.8,경북 의성군 남동쪽 16km 지역
2014-02-05 23:06,2.8, ,38.26,124.4,북한 황해남도 용연군 장산곶 서북서쪽 29km 해역
2014-02-21 21:17,2.7, ,35.05,127.75,전남 광양시 북북동쪽 13km 지역
2014-02-22 20:44,2.6, ,38.31,124.27,북한 황해남도 용연군 장산곶 서북서쪽 42km 해역
2014-02-28 3:20,2.4, ,38.74,125.01,북한 남포 서쪽 22km 해역
2014-03-11 11:39,2.7, ,35.86,128.47,대구 달성군 서북서쪽 9km 지역
2014-03-14 12:59,2.5, ,39.41,126.09,북한 평안남도 성천 북북서쪽 21km 지역
2014-03-28 10:40,3, ,36.47,127.93,경북 상주시 서북서쪽 22km 지역
2014-04-01 4:48,5.1, ,36.95,124.5,충남 태안군 서격렬비도 서북서쪽 100km 해역
2014-04-01 9:25,2.3, ,36.95,124.5,충남 태안군 서격렬비도 서북서쪽 100km 해역
2014-04-08 6:19,2.7, ,36.96,124.44,충남 태안군 서격렬비도 서북서쪽 105km 해역
2014-04-12 1:44,2.6, ,33.52,126.9,제주 제주시 동쪽 34km 지역
2014-04-13 14:02,2.9, ,36.93,124.52,충남 태안군 서격렬비도 서북서쪽 97km 해역
2014-04-25 12:14,2.9, ,35.97,128.04,경북 김천시 남남서쪽 19km 지역
2014-04-26 14:08,2.7, ,36.46,127.93,경북 상주시 서북서쪽 21km 지역
2014-05-15 8:46,3.4, ,33,126.21,제주 제주시 고산 남쪽 33km 해역
2014-06-05 13:29,2.3, ,35.97,128.62,대구 동구 북쪽 10km 지역
2014-06-08 4:05,2.6, ,33.52,125.96,제주 제주시 고산 북서쪽 31km 해역
2014-06-18 9:59,2.1, ,35.91,128.66,대구 동구 북쪽 4km 지역
2014-06-21 8:29,2.6, ,38.77,125.89,북한 황해북도 송림 동쪽 22km 지역
2014-07-03 21:57,3.5, ,35.66,129.76,울산 동구 동북동쪽 35km 해역
2014-07-03 22:04,2.6, ,35.66,129.82,울산 동구 동북동쪽 40km 해역
2014-07-04 0:11,2.5, ,35.65,129.81,울산 동구 동북동쪽 39km 해역
2014-07-04 4:13,2.9, ,35.66,129.78,울산 동구 동북동쪽 37km 해역
2014-07-04 6:27,2.2, ,34.51,125.41,전남 신안군 흑산면 남남서쪽 17km 해역
2014-08-02 1:32,2.2, ,37.4,127.2,경기 광주시 서남서쪽 5km 지역
2014-08-05 6:16,2.5, ,40.11,127.2,북한 함경남도 신흥 서북서쪽 20km 지역
2014-08-10 18:07,2.4, ,38.15,126.63,북한 개성 북북동쪽 21km 지역
2014-08-16 0:51,2.1, ,33.59,126.58,제주 제주시 북북동쪽 11km 해역
2014-08-18 5:13,2.1, ,36.57,125.64,충남 태안군서격렬비도 동남동쪽 10km 해역
2014-08-21 22:30,2.7, ,33.87,127.83,전남 여수시 거문도 동남동쪽 51km 해역
2014-09-09 0:24,2.2, ,35.68,129.38,경북 경주시 남동쪽 23km 지역
2014-09-23 15:27,3.5, ,35.8,129.41,경북 경주시 동남동쪽 18km 지역
2014-09-25 2:26,3.8, ,35.07,129.94,울산 동구 남동쪽 67km 해역
2014-09-28 21:32,3.2, ,37.24,126.44,인천 옹진군 남서쪽 30km 지역
2014-10-01 16:34,2.2, ,36.67,125.45,충남 태안군 서격렬비도 북서쪽 11km 해역
2014-10-07 1:57,2.9, ,33.3,125.96,제주 제주시 고산 서쪽 19km 해역
2014-10-11 22:11,2.3, ,37.73,129.43,강원 동해시 북동쪽 36km 해역
2014-10-19 19:57,2.6, ,36.44,128.19,경북 상주시 북동쪽 4km 지역
2014-10-20 21:15,2.2, ,33.68,125.88,제주 제주시 고산 북북서쪽 50km 해역
2014-10-21 6:33,2.3, ,35.21,129.49,부산 기장군 동쪽 24km 해역
2014-10-28 19:07,2.2, ,38,125.34,북한 황해남도 옹진 북북동쪽 8km 지역
2014-11-06 4:25,2.5, ,37.23,126.44,인천 옹진군 남남서쪽 30km 해역
2014-11-06 14:48,2.3, ,33.34,125.89,제주 제주시 고산 서북서쪽 26km 해역
2014-11-15 3:31,2.5, ,38.77,126.36,북한 황해북도 신계 북북서쪽 34km 지역
2014-12-08 5:28,3.3, ,34.75,127.17,전남 보성군 동남동쪽 8km 지역
2014-12-15 9:08,2.1, ,39.09,126.52,북한 평안남도 양덕 남서쪽 16km 지역
2014-12-24 20:33,2.1, ,35.89,127.33,전북 완주군 동쪽 15km 지역
2014-12-30 15:36,2.6, ,35.21,124.79,전남 신안군 흑산면 북서쪽 88km 해역
2015-01-06 13:06,2.8, ,38.43,126.28,북한 황해북도 평산 북서쪽 17km 지역
2015-01-08 20:15,3.5, ,37.51,125.63,인천 옹진군 연평도 남남서쪽 18km 해역
2015-01-31 5:10,2.2, ,36.6,129.45,경북 영덕군 북북동쪽 22km 해역
2015-02-03 19:54,2.1, ,33.61,127.57,전남 여수시 거문도 남남동쪽 52km 해역
2015-02-19 14:25,2.1, ,36.09,125.05,충남 태안군 서격렬비도 남서쪽 71km 해역
2015-02-23 4:54,2.7, ,32.96,126.25,제주 제주시 고산 남남동쪽 38km 해역
2015-03-10 13:10,2.7, ,37.36,125.15,인천 옹진군 연평도 남서쪽 59km 해역
2015-03-19 12:54,2.2, ,34.16,128.37,경남 통영시 욕지도 남남동쪽 54km 해역
2015-03-19 16:20,2.7, ,36.43,127.65,충북 옥천군 북북동쪽 16km 지역
2015-04-13 18:02,3.3, ,37.18,125.47,인천 옹진군 연평도 남남서쪽 58km 해역
2015-04-15 4:10,2.9, ,35.14,129.93,울산 동구 남동쪽 61km 해역
2015-04-21 2:05,2.1, ,35.88,129.75,경북 포항시 남구 동남동쪽 38km 해역
2015-04-24 10:14,2.3, ,35.88,129.69,경북 포항시 남구 동남동쪽 33km 해역
2015-06-02 1:01,2, ,36.76,129.98,경북 울진군 동남동쪽 57km 해역
2015-06-07 20:54,2.1, ,33.79,126.16,제주 제주시 북서쪽 48km 해역
2015-06-17 0:55,2.3, ,38.41,125.57,북한 황해남도 안악 남남동쪽 13km 지역
2015-06-22 12:02,2.6, ,35.85,125,충남 태안군 서격렬비도 남남서쪽 96km 해역
2015-06-22 12:44,2.4, ,36.35,127.24,충남 공주시 남동쪽 15km 지역
2015-07-04 8:49,2.1, ,36.32,128.18,경북 상주시 남쪽 10km 지역
2015-07-08 11:01,2, ,37.63,125.86,인천 옹진군 연평도 동남동쪽 14km 해역
2015-07-14 14:34,2.8, ,33.24,127.01,제주 서귀포시 성산 남동쪽 20km 해역
2015-07-18 21:15,2.3, ,36.07,128.08,경북 김천시 남남서쪽 7km 지역
2015-07-20 1:33,2.2, ,33.26,127.21,제주 서귀포시 성산 동남동쪽 34km 해역
2015-07-23 4:02,2.6, ,33.22,127.05,제주 서귀포시 성산 남동쪽 24km 해역
2015-07-30 9:39,2.2, ,35.15,127.98,경남 사천시 북서쪽 12km 지역
2015-08-01 23:58,2.2, ,35.32,127.45,전남 구례군 북쪽 13km 지역
2015-08-02 3:22,2.1, ,37.19,128.44,강원 영월군 서북서쪽 2km 지역
2015-08-03 10:11,3.7, ,33.26,127.06,제주 서귀포시 성산 남동쪽 22km 해역
2015-08-12 17:09,2.2, ,37.17,127.5,경기 이천시 남남동쪽 13km 지역
2015-08-17 16:56,2.5, ,37.2,125.38,인천 옹진군 연평도 남남서쪽 59km 해역
2015-08-23 9:19,2.5, ,36.38,129.77,경북 영덕군 동쪽 36km 해역
2015-09-01 13:47,2.5, ,39.09,126.53,북한 평안남도 양덕 남서쪽 16km 지역
2015-09-03 4:53,2.7, ,33.27,127.04,제주 서귀포시 성산 남동쪽 20km 해역
2015-09-18 10:12,2.1, ,34.7,128.75,경남 통영시 매물도 동북동쪽 17km 해역
2015-10-01 9:21,2.5, ,35.78,129.14,경북 경주시 남서쪽 9km 지역
2015-10-01 14:06,2.1, ,35.78,129.14,경북 경주시 남서쪽 9km 지역
2015-10-11 0:55,2.1, ,33.3,127.02,제주 서귀포시 성산 남동쪽 16km 해역
2015-10-26 23:29,2.1, ,34.09,126.85,전남 완도군 남남동쪽 26km 해역
2015-10-30 15:17,2.9, ,35.74,129.37,경북 경주시 남동쪽 18km 지역
2015-11-13 20:04,2.6, ,35.8,129.42,경북 경주시 동남동쪽 19km 지역
2015-11-24 11:27,3.2, ,35.67,129.82,울산 동구 동북동쪽 41km 해역
2015-11-24 14:10,2.4, ,35.69,129.75,울산 동구 북동쪽 36km 해역
2015-12-11 1:25,2.1, ,36.9,126.58,충남 당진시 서북서쪽 5km 지역
2015-12-22 4:31,3.9, ,36.02,126.95,전북 익산시 북쪽 8km 지역
2016-01-06 20:39,3, ,36.01,128.07,경북 김천시 남쪽 14km 지역
2016-01-23 7:14,2.4, ,38.42,126.25,북한 황해북도 평산군 북서쪽 16km 지역
2016-01-25 18:40,2.3, ,36.22,128.69,경북 의성군 남쪽 14km 지역
2016-01-31 3:03,2, ,36.95,129.92,경북 울진군 동쪽 46 km 해역
2016-02-11 5:57,3.1, ,36.21,127.48,충남 금산군 북쪽 12km 지역
2016-02-24 23:22,2.9, ,33.52,125.92,제주 제주시 고산 북서쪽 34km 해역
2016-02-26 18:46,2.2, ,33.23,127.19,제주 서귀포시 성산 동남동쪽 34km 해역
2016-02-28 16:52,2.5, ,38.73,125.85,북한 황해북도 송림시 동쪽 19km 지역
2016-03-02 14:04,2.7, ,36.35,127.2,충남 공주시 남동쪽 13km 지역
2016-03-05 11:11,3.3, ,35.61,129.82,울산 동구 동북동쪽 38km 해역
2016-03-14 5:17,3.1, ,38.71,125.87,북한 황해북도 송림시 동쪽 21km 지역
2016-03-15 3:00,2.7, ,36.31,128.21,경북 상주시 남남동쪽 12km 지역
2016-03-15 3:38,2.5, ,37.6,129.82,강원 삼척시 동북동쪽 60km 해역
2016-03-27 14:52,2.3, ,35.33,130.04,울산 동구 동남동쪽 59km 해역
2016-03-27 18:28,3.1, ,39.38,126.06,북한 평안남도 성천시 북서쪽 20km 지역
2016-03-28 14:34,2.9, ,35.22,127.96,경남 진주시 서북서쪽 12km 지역
2016-04-13 5:28,2.1, ,35.92,127.93,경북 김천시 남남서쪽 28km 지역
2016-04-21 15:53,2.7, ,33.52,125.92,제주 제주시 고산 북서쪽 34km 해역
2016-04-21 15:55,2.7, ,33.53,125.89,제주 제주시 고산 북서쪽 36km 해역
2016-04-25 11:42,2.3, ,33.51,125.91,제주 제주시 고산 북서쪽 34km 해역
2016-04-27 19:27,2.3, ,35.57,128.34,경남 합천군 동쪽 16km 지역
2016-04-28 10:16,2.4, ,35.42,128.56,경남 창녕군 남남동쪽 15km 지역
2016-04-30 22:46,2.6, ,37.75,125.4,북한 황해남도 옹진군 남쪽 20km 지역
2016-05-03 3:29,2.4, ,37.11,129.02,강원 태백시 남남동쪽 7km 지역
2016-05-22 1:22,3.5, ,40.68,127.15,북한 함경남도 장진군 북북서쪽 34km 지역
2016-05-24 4:52,2.3, ,33.61,125.56,제주 제주시 고산 서북서쪽 66km 해역
2016-06-03 4:53,3, ,36.39,127.92,경북 상주시 서쪽 22km 지역
2016-06-05 10:11,2.2, ,36,129.58,경북 포항시 남구 동쪽 20km 해역
2016-06-07 16:06,2.3, ,33.05,126.17,제주 제주시 고산 남쪽 27km 해역
2016-06-13 12:33,2.7, ,34.3,124.68,전남 신안군 흑산면 서남서쪽 82km 해역
2016-06-15 2:07,2.6, ,35.87,129.69,경북 포항시 남구 동남동쪽 33km 해역
2016-06-21 3:23,3.1, ,39.49,126.19,북한 평안남도 성천군 북쪽 28km 지역
2016-06-25 3:24,2.6, ,38.74,125.86,북한 황해북도 송림시 20km 지역
2016-07-05 20:33,5, ,35.51,129.99,울산 동구 동쪽 52km 해역
2016-07-05 21:24,2.6, ,35.51,129.87,울산 동구 동쪽 41km 해역
2016-07-09 4:47,2.3, ,35.48,129.97,울산 동구 동쪽 50km 해역
2016-07-09 13:16,2.6, ,38.69,125.83,북한 황해북도 송림시 동남동쪽 18km 지역
2016-07-13 14:13,2, ,36.8,128.53,경북 영주시 서쪽 9km 지역
2016-07-14 22:31,2.8, ,35.12,130.24,울산 동구 동남동쪽 86km 해역
2016-07-30 1:51,2.3, ,33.06,126.33,제주 서귀포시 남서쪽 27km 해역
2016-08-16 11:57,2.4, ,36.75,128.84,경북 안동시 북북동쪽 22km 지역
2016-08-17 11:17,2.9, ,38.35,128.09,북한 강원도 양구군 북북동쪽 28km 지역
2016-08-18 17:08,2.1, ,37.18,125.46,인천 옹진군 연평도 남남서쪽 58km 해역
2016-08-18 22:21,2.6, ,38.84,125.7,북한 황해북도 송림시 북북동쪽 13km 지역
2016-08-20 12:18,3, ,38.38,128.09,북한 강원도 양구군 북북동쪽 32km 지역
2016-08-20 18:54,2.9, ,33.48,127.31,제주 서귀포시 성산 동북동쪽 41km 해역
2016-08-28 21:27,2.4, ,38.65,127.16,북한 강원도 평강 북북서쪽 29km 지역
2016-08-28 23:27,2.1, ,35.65,127.48,전북 장수군 서쪽 4km 지역
2016-08-30 0:39,2.6, ,35.55,128.03,경남 합천군 서쪽 13km 지역
2016-09-12 19:44,5.1, ,35.77,129.19,경북 경주시 남남서쪽 8.2km 지역
2016-09-12 19:45,2.4, ,35.78,129.2,경북 경주시 남남서쪽 7km 지역
2016-09-12 19:46,2.2, ,35.76,129.19,경북 경주시 남남서쪽 9km 지역
2016-09-12 19:48,3.1, ,35.77,129.19,경북 경주시 남남서쪽 8km 지역
2016-09-12 19:50,2.2, ,35.77,129.18,경북 경주시 남남서쪽 8km 지역
2016-09-12 19:53,2.1, ,35.77,129.19,경북 경주시 남남서쪽 8km 지역
2016-09-12 19:55,2.4, ,35.76,129.18,경북 경주시 남남서쪽 9km 지역
2016-09-12 20:00,2.4, ,35.78,129.16,경북 경주시 남서쪽 8km 지역
2016-09-12 20:04,2.5, ,35.77,129.18,경북 경주시 남남서쪽 8km 지역
2016-09-12 20:07,2.6, ,35.76,129.19,경북 경주시 남남서쪽 9km 지역
2016-09-12 20:08,2.7, ,35.76,129.18,경북 경주시 남남서쪽 9km 지역
2016-09-12 20:09,2.7, ,35.76,129.17,경북 경주시 남남서쪽 10km 지역
2016-09-12 20:10,3.1, ,35.77,129.18,경북 경주시 남남서쪽 8km 지역
2016-09-12 20:17,2.3, ,35.76,129.19,경북 경주시 남남서쪽 9km 지역
2016-09-12 20:26,2.5, ,35.77,129.2,경북 경주시 남쪽 8km 지역
2016-09-12 20:32,5.8, ,35.76,129.19,경북 경주시 남남서쪽 8.7km 지역
2016-09-12 20:34,3.6, ,35.78,129.19,경북 경주시 남남서쪽 7km 지역
2016-09-12 20:36,3.4, ,35.75,129.18,경북 경주시 남남서쪽 10km 지역
2016-09-12 20:38,3, ,35.78,129.2,경북 경주시 남남서쪽 7km 지역
2016-09-12 20:39,3, ,35.77,129.19,경북 경주시 남남서쪽 8km 지역
2016-09-12 20:40,3, ,35.76,129.18,경북 경주시 남남서쪽 9km 지역
2016-09-12 20:42,2.5, ,35.79,129.2,경북 경주시 남남서쪽 5km 지역
2016-09-12 20:43,2.4, ,35.76,129.19,경북 경주시 남남서쪽 9km 지역
2016-09-12 20:44,2.5, ,35.76,129.18,경북 경주시 남남서쪽 9km 지역
2016-09-12 20:45,2.3, ,35.76,129.17,경북 경주시 남남서쪽 10km 지역
2016-09-12 20:45,2.7, ,35.78,129.2,경북 경주시 남남서쪽 7km 지역
2016-09-12 20:46,2.4, ,35.76,129.17,경북 경주시 남남서쪽 10km 지역
2016-09-12 20:47,2.2, ,35.81,129.23,경북 경주시 남남동쪽 3km 지역
2016-09-12 20:47,2.9, ,35.76,129.19,경북 경주시 남남서쪽 9km 지역
2016-09-12 20:51,2.6, ,35.75,129.16,경북 경주시 남남서쪽 11km 지역
2016-09-12 20:55,2, ,35.76,129.18,경북 경주시 남남서쪽 9km 지역
2016-09-12 20:58,2.1, ,35.77,129.17,경북 경주시 남남서쪽 9km 지역
2016-09-12 21:00,2.5, ,35.77,129.18,경북 경주시 남남서쪽 8km 지역
2016-09-12 21:07,2, ,35.77,129.19,경북 경주시 남남서쪽 8km 지역
2016-09-12 21:09,2.2, ,35.77,129.19,경북 경주시 남남서쪽 8km 지역
2016-09-12 21:16,2.1, ,35.76,129.18,경북 경주시 남남서쪽 9km 지역
2016-09-12 21:20,2.8, ,35.78,129.18,경북 경주시 남남서쪽 7km 지역
2016-09-12 21:33,2.3, ,35.76,129.02,경북 경주시 서남서쪽 20km 지역
2016-09-12 21:38,2.6, ,35.76,129.19,경북 경주시 남남서쪽 9km 지역
2016-09-12 21:54,2.2, ,35.76,129.16,경북 경주시 남남서쪽 10km 지역
2016-09-12 21:54,2.1, ,35.77,129.19,경북 경주시 남남서쪽 8km 지역
2016-09-12 22:06,2.1, ,35.77,129.19,경북 경주시 남남서쪽 8km 지역
2016-09-12 22:08,2, ,35.76,129.18,경북 경주시 남남서쪽 9km 지역
2016-09-12 22:13,2.4, ,35.76,129.19,경북 경주시 남남서쪽 9km 지역
2016-09-12 22:17,2.5, ,35.76,129.18,경북 경주시 남남서쪽 9km 지역
2016-09-12 22:18,2, ,35.77,129.18,경북 경주시 남남서쪽 8km 지역
2016-09-12 22:22,2.2, ,35.76,129.18,경북 경주시 남남서쪽 9km 지역
2016-09-12 22:23,2.4, ,35.77,129.18,경북 경주시 남남서쪽 8km 지역
2016-09-12 22:47,2.1, ,35.77,129.19,경북 경주시 남남서쪽 8km 지역
2016-09-12 23:18,3, ,35.76,129.17,경북 경주시 남남서쪽 8km 지역
2016-09-12 23:52,3.1, ,35.75,129.18,경북 경주시 남남서쪽 10km 지역
2016-09-12 23:53,2.2, ,35.77,129.19,경북 경주시 남남서쪽 8km 지역
2016-09-13 0:07,2.2, ,35.76,129.19,경북 경주시 남남서쪽 9km 지역
2016-09-13 0:10,2, ,35.76,129.18,경북 경주시 남남서쪽 9km 지역
2016-09-13 0:15,2, ,35.76,129.18,경북 경주시 남남서쪽 9km 지역
2016-09-13 0:21,2.5, ,35.76,129.19,경북 경주시 남남서쪽 9km 지역
2016-09-13 0:32,2.1, ,35.76,129.19,경북 경주시 남남서쪽 9km 지역
2016-09-13 0:37,3.1, ,35.78,129.21,경북 경주시 남쪽 6km 지역
2016-09-13 0:45,2.2, ,35.76,129.18,경북 경주시 남남서쪽 9km 지역
2016-09-13 1:03,2, ,35.77,129.17,경북 경주시 남남서쪽 9km 지역
2016-09-13 1:23,2.2, ,35.75,129.19,경북 경주시 남남서쪽 10km 지역
2016-09-13 1:31,2, ,35.77,129.18,경북 경주시 남남서쪽 8km 지역
2016-09-13 1:35,2.3, ,35.75,129.17,경북 경주시 남남서쪽 11km 지역
2016-09-13 1:37,2.2, ,35.77,129.18,경북 경주시 남남서쪽 8km 지역
2016-09-13 1:58,2.5, ,35.77,129.18,경북 경주시 남남서쪽 8km 지역
2016-09-13 2:03,2.1, ,35.76,129.17,경북 경주시 남남서쪽 10km 지역
2016-09-13 2:03,2.2, ,35.78,129.19,경북 경주시 남남서쪽 7km 지역
2016-09-13 2:09,2, ,35.75,129.18,경북 경주시 남남서쪽 10km 지역
2016-09-13 3:11,2.1, ,35.75,129.17,경북 경주시 남남서쪽 11km 지역
2016-09-13 4:13,2.1, ,35.78,129.19,경북 경주시 남남서쪽 7km 지역
2016-09-13 4:41,2.1, ,35.76,129.17,경북 경주시 남남서쪽 10km 지역
2016-09-13 4:56,2, ,35.77,129.19,경북 경주시 남남서쪽 8km 지역
2016-09-13 5:15,2, ,35.77,129.18,경북 경주시 남남서쪽 9km 지역
2016-09-13 6:15,2.3, ,35.77,129.18,경북 경주시 남남서쪽 8km 지역
2016-09-13 6:48,2, ,35.78,129.18,경북 경주시 남남서쪽 7km 지역
2016-09-13 7:03,2.1, ,35.77,129.19,경북 경주시 남남서쪽 8km 지역
2016-09-13 7:47,2.4, ,35.77,129.18,경북 경주시 남남서쪽 8km 지역
2016-09-13 8:24,3.2, ,35.76,129.17,경북 경주시 남남서쪽 10km 지역
2016-09-13 8:47,2.3, ,35.76,129.17,경북 경주시 남남서쪽 10km 지역
2016-09-13 9:23,2.3, ,35.76,129.18,경북 경주시 남남서쪽 9km 지역
2016-09-13 10:01,2.3, ,35.78,129.19,경북 경주시 남남서쪽 7km 지역
2016-09-13 10:05,2, ,35.76,129.18,경북 경주시 남남서쪽 9km 지역
2016-09-13 10:44,2.2, ,35.76,129.18,경북 경주시 남남서쪽 9km 지역
2016-09-13 10:58,2, ,35.76,129.18,경북 경주시 남남서쪽 9km 지역
2016-09-13 12:27,2.2, ,35.78,129.19,경북 경주시 남남서쪽 7km 지역
2016-09-13 12:33,2, ,35.76,129.16,경북 경주시 남남서쪽 10km 지역
2016-09-13 13:09,2.3, ,35.77,129.17,경북 경주시 남남서쪽 9km 지역
2016-09-13 13:16,2.4, ,35.77,129.17,경북 경주시 남남서쪽 9km 지역
2016-09-13 13:18,2.1, ,35.77,129.17,경북 경주시 남남서쪽 9km 지역
2016-09-13 14:31,3, ,35.76,129.18,경북 경주시 남남서쪽 9km 지역
2016-09-13 14:41,2.1, ,35.76,129.17,경북 경주시 남남서쪽 10km 지역
2016-09-13 16:02,2.5, ,35.76,129.2,경북 경주시 남쪽 9km 지역
2016-09-13 16:21,2, ,35.75,129.17,경북 경주시 남남서쪽 10km 지역
2016-09-13 16:52,2.5, ,35.75,129.18,경북 경주시 남남서쪽 10km 지역
2016-09-13 17:15,2, ,35.77,129.18,경북 경주시 남남서쪽 9km 지역
2016-09-13 18:54,2.1, ,35.76,129.18,경북 경주시 남남서쪽 9km 지역
2016-09-13 21:49,2.1, ,35.76,129.17,경북 경주시 남남서쪽 10km 지역
2016-09-13 23:08,2.3, ,35.73,129.36,경북 경주시 남동쪽 18km 지역
2016-09-14 0:48,3, ,35.75,129.18,경북 경주시 남남서쪽 11km 지역
2016-09-14 1:37,2.1, ,35.77,129.18,경북 경주시 남남서쪽 8km 지역
2016-09-14 3:55,2.4, ,35.76,129.18,경북 경주시 남남서쪽 9km 지역
2016-09-14 4:43,2.1, ,35.77,129.17,경북 경주시 남남서쪽 9km 지역
2016-09-14 11:57,2.4, ,33.93,126.62,전남 완도군 남남서쪽 44km 해역
2016-09-14 12:38,2.2, ,35.78,129.19,경북 경주시 남남서쪽 7km 지역
2016-09-14 16:47,2.1, ,35.77,129.18,경북 경주시 남남서쪽 8km 지역
2016-09-14 17:27,2.3, ,35.77,129.17,경북 경주시 남남서쪽 9km 지역
2016-09-14 22:31,2.4, ,35.76,129.17,경북 경주시 남남서쪽 10km 지역
2016-09-15 3:22,2.7, ,35.76,129.18,경북 경주시 남쪽 9km 지역
2016-09-15 19:47,2.2, ,35.77,129.19,경북 경주시 남남서쪽 8km 지역
2016-09-15 20:48,2.6, ,35.76,129.19,경북 경주시 남남서쪽 9km 지역
2016-09-16 5:31,2.2, ,35.78,129.19,경북 경주시 남남서쪽 7km 지역
2016-09-16 15:13,2.3, ,35.76,129.17,경북 경주시 남남서쪽 10km 지역
2016-09-16 18:58,2, ,35.75,129.18,경북 경주시 남남서쪽 10km 지역
2016-09-16 19:15,2, ,35.76,129.18,경북 경주시 남남서쪽 10km 지역
2016-09-16 19:54,2.1, ,35.74,129.17,경북 경주시 남남서쪽 12km 지역
2016-09-16 21:14,2.2, ,35.76,129.18,경북 경주시 남남서쪽 9km 지역
2016-09-17 7:12,2.1, ,35.76,129.18,경북 경주시 남남서쪽 9km 지역
2016-09-17 16:21,2.1, ,35.76,129.18,경북 경주시 남남서쪽 9km 지역
2016-09-18 16:27,2.4, ,35.76,129.17,경북 경주시 남남서쪽 10km 지역
2016-09-18 22:38,2, ,35.75,129.18,경북 경주시 남남서쪽 10km 지역
2016-09-19 9:17,2.1, ,35.76,129.17,경북 경주시 남남서쪽 10km 지역
2016-09-19 20:33,4.5, ,35.74,129.18,경북 경주시 남남서쪽 11km 지역
2016-09-19 21:00,2.1, ,35.75,129.17,경북 경주시 남남서쪽 11km 지역
2016-09-20 9:58,2.4, ,35.76,129.2,경북 경주시 남쪽 9km 지역
2016-09-20 15:05,2.5, ,38.36,128.09,북한 강원도 양구군 북북동쪽 29km 지역
2016-09-20 20:03,2.1, ,35.77,129.19,경북 경주시 남남서쪽 8km 지역
2016-09-21 0:59,2.1, ,35.76,129.18,경북 경주시 남남서쪽 9km 지역
2016-09-21 3:36,2.9, ,35.77,129.18,경북 경주시 남남서쪽 8km 지역
2016-09-21 11:36,2.2, ,35.78,129.15,경북 경주시 남서쪽 9km 지역
2016-09-21 11:53,3.5, ,35.75,129.18,경북 경주시 남남서쪽 10km 지역
2016-09-22 0:01,2.3, ,35.76,129.18,경북 경주시 남남서쪽 9km 지역
2016-09-22 3:22,2.1, ,35.76,129.18,경북 경주시 남남서쪽 9km 지역
2016-09-23 18:21,2.1, ,35.76,129.18,경북 경주시 남남서쪽 9km 지역
2016-09-24 19:56,2.5, ,35.79,129.19,경북 경주시 남남서쪽 6km 지역
2016-09-28 16:34,3.1, ,35.76,129.18,경북 경주시 남남서쪽 9km 지역
2016-09-28 18:54,2.8, ,38.74,125.69,북한 황해북도 송림시 동쪽 5km 지역
2016-09-28 19:00,2.6, ,38.74,125.73,북한 황해북도 송림시 동쪽 8km 지역
2016-09-28 21:10,2.7, ,35.77,129.17,경북 경주시 남남서쪽 9km 지역
2016-09-30 11:09,2.1, ,35.76,129.18,경북 경주시 남남서쪽 9km 지역
2016-09-30 16:24,2, ,35.77,129.16,경북 경주시 남남서쪽 9km 지역
2016-09-30 18:06,2.3, ,35.76,129.16,경북 경주시 남남서쪽 10km 지역
2016-09-30 21:52,2.2, ,35.75,129.18,경북 경주시 남남서쪽 10km 지역
2016-10-01 13:04,2, ,35.76,129.18,경북 경주시 남남서쪽 9km 지역
2016-10-01 17:00,2.3, ,35.76,129.18,경북 경주시 남남서쪽 9km 지역
2016-10-02 20:53,3, ,35.75,129.19,경북 경주시 남남서쪽10km 지역
2016-10-04 15:16,2.6, ,35.76,129.19,경북 경주시 남남서쪽9km 지역
2016-10-05 23:29,2.3, ,38.76,125.62,북한 황해북도 송림시 북북서쪽 3km 지역
2016-10-07 17:17,2.2, ,35.77,129.23,경북 경주시 남쪽 8km 지역
2016-10-09 14:03,2.2, ,35.08,126.93,광주 동구 남쪽 7km 지역
2016-10-10 22:59,3.3, ,35.75,129.18,경북 경주시 남남서쪽 10km 지역
2016-10-12 0:29,2.9, ,35.76,129.18,경북 경주시 남남서쪽 9km 지역
2016-10-14 8:20,2.3, ,35.76,129.19,경북 경주시 남남서쪽 9km 지역
2016-10-15 18:55,2.5, ,35.74,129.18,경북 경주시 남남서쪽 11km 지역
2016-10-15 23:49,2.2, ,35.76,129.17,경북 경주시 남남서쪽 10km 지역
2016-10-20 12:17,2.4, ,35.76,129.19,경북 경주시 남남서쪽 9km 지역
2016-10-21 10:13,2.2, ,36.46,126.87,충남 청양군 동쪽 6km 지역
2016-10-21 12:47,2.6, ,35.75,129.17,경북 경주시 남남서쪽 11km 지역
2016-10-23 3:00,2.7, ,35.78,129.2,경북 경주시 남남서쪽 7km 지역
2016-10-24 9:02,2.2, ,37.25,127.02,경기 수원시 권선구 동쪽 4km 지역
2016-10-25 3:23,2, ,35.76,129.19,경북 경주시 남남서쪽 9km 지역
2016-10-25 19:57,2.4, ,35.7,129.37,경북 경주시 남동쪽 21km 지역
2016-11-02 3:01,2.3, ,33.53,126.88,제주 제주시 동쪽 33km 지역
2016-11-03 3:46,2.1, ,35.75,129.18,경북 경주시 남남서쪽 10km 지역
2016-11-03 10:02,2.3, ,35.76,129.19,경북 경주시 남남서쪽 9km 지역
2016-11-03 10:36,2.3, ,35.76,129.19,경북 경주시 남남서쪽 9km 지역
2016-11-03 23:35,2.6, ,35.32,128.49,경남 함안군 북동쪽 9km 지역
2016-11-06 6:26,3.5, ,33.76,125.07,전남 신안군 흑산면 남남서쪽 106km 해역
2016-11-09 20:55,2.3, ,36.55,129.6,경북 영덕군 북동쪽 26km 해역
2016-11-10 22:37,2.5, ,36.46,129.89,경북 영덕군 동쪽 47km 해역
2016-11-13 2:27,2.3, ,38.76,125.66,북한 황해북도 송림시 북동쪽 3km 지역
2016-11-13 21:52,3.5, ,36.36,126.63,충남 보령시 북북동쪽 4km 지역
2016-11-15 12:22,2.5, ,38.35,128.09,북한 강원도 금강군 남남동쪽 29km 지역
2016-11-15 16:27,2, ,35.76,129.19,경북 경주시 남남서쪽 9km 지역
2016-11-16 23:15,2.1, ,34.86,125.08,전남 신안군 흑산면 서북서쪽 43km 해역
2016-11-18 2:02,2, ,35.51,128.09,경남 합천군 남서쪽 9km 지역
2016-11-19 3:29,2.1, ,35.76,129.19,경북 경주시 남남서쪽 9km 지역
2016-11-25 18:53,2.3, ,35.75,129.17,경북 경주시 남남서쪽 11km 지역
2016-11-27 6:53,2.5, ,36.34,127.33,대전 유성구 남서쪽 3km 지역
2016-11-27 20:08,2.2, ,36.02,127.39,충남 금산군 남서쪽 13km 지역
2016-11-28 20:57,2.4, ,35.77,129.19,경북 경주시 남남서쪽 8km 지역
2016-11-28 23:33,2.2, ,38.49,126.14,북한 황해북도 평산군 북서쪽 28km 지역
2016-11-29 10:09,2.9, ,33.4,125.72,제주 제주시 고산 서북서쪽 43km 해역
2016-12-02 4:45,2.1, ,35.76,129.19,경북 경주시 남남서쪽 9km 지역
2016-12-05 0:47,2.1, ,35.77,129.18,경북 경주시 남남서쪽 8km 지역
2016-12-05 7:42,2.1, ,35.81,129.72,경북 포항시 남구 남동쪽 39km 해역
2016-12-07 22:34,2.4, ,37.18,125.48,인천 옹진군 연평도 남남서쪽 57km 해역
2016-12-09 11:30,2.4, ,35.69,129.36,경북 경주시 남동쪽 21km 지역
2016-12-10 0:51,2.1, ,35.77,129.17,경북 경주시 남남서쪽 9km 지역
2016-12-10 15:51,2, ,37.63,129.68,강원 삼척시 동북동쪽 50km 해역
2016-12-11 16:05,2.6, ,36.07,125.57,충남 태안군 서격렬비도 남쪽 59km 해역
2016-12-12 4:46,2.2, ,35.76,129.18,경북 경주시 남남서쪽 9km 지역
2016-12-12 17:53,3.3, ,35.76,129.18,경북 경주시 남남서쪽 9km 지역
2016-12-14 10:05,2.1, ,36.54,128.08,경북 상주시 북북서쪽 16km 지역
2016-12-14 17:20,3.3, ,35.76,129.17,경북 경주시 남남서쪽 10km 지역
2016-12-15 17:14,2.1, ,35.76,129.19,경북 경주시 남남서쪽 9km 지역
2016-12-22 21:13,2.2, ,34.45,128.54,경남 통영시 매물도 남쪽 22km 해역
2016-12-23 5:31,2.2, ,36.12,129.36,경북 포항시 북구 북쪽 9km 지역
2016-12-25 1:59,2.4, ,35.25,129.39,부산 기장군 동쪽 15km 해역
2016-12-25 6:29,2.5, ,35.78,129.31,경북 경주시 남동쪽 11km 지역
2016-12-29 5:53,2.6, ,38.71,125.76,북한 황해북도 송림시 동남동쪽 11km 지역
2016-12-29 21:32,2.3, ,36.12,129.36,경북 포항시 북구 북쪽 9km 지역
2016-12-30 15:04,2.5, ,38.64,125.76,북한 황해북도 사리원시 북쪽 15km 지역
2016-12-31 8:01,2.6, ,39.31,126.27,북한 평안남도 성천군 북북동쪽 9km 지역
2017-01-04 5:00,2.5, ,36.58,129.24,경북 영덕군 북북서쪽 22km 지역
2017-01-06 5:31,3.3, ,35.75,129.17,경북 경주시 남남서쪽 11km 지역
2017-01-06 5:33,2.2, ,35.75,129.18,경북 경주시 남남서쪽 10km 지역
2017-01-07 6:37,2.4, ,38.69,125.73,북한 황해북도 송림 동남동쪽 10km 지역
2017-01-11 0:10,2.1, ,36.44,128.42,경북 의성군 서북서쪽 27km 지역
2017-01-14 11:52,2.2, ,35.17,127.79,경남 하동군 북북동쪽 12km 지역
2017-01-16 6:57,2.7, ,33.64,127.51,전남 여수시 거문도 남남동쪽 47km 해역
2017-01-16 19:54,2.1, ,36.33,126.59,충남 보령시 서쪽 2km 지역
2017-01-17 16:06,2.8, ,38.71,125.86,북한 황해북도 송림 동쪽 20km 지역
2017-01-18 12:49,2.5, ,35.02,125.06,전남 신안군 흑산면 북서쪽 56km 해역
2017-01-21 3:27,2.6, ,35.75,129.18,경북 경주시 남남서쪽 10km 지역
2017-01-24 4:07,2.6, ,35.77,129.17,경북 경주시 남남서쪽 9km 지역
2017-01-26 22:53,2, ,33.54,126.87,제주 제주시 동쪽 32km 해역
2017-01-29 13:45,2.6, ,38.7,127.16,북한 강원 평강 북북서쪽 34km 지역
2017-02-05 19:07,2.5, ,33.61,126.73,제주 제주시 동북동쪽 22km 해역
2017-02-05 20:06,2.6, ,39.61,127.64,북한 함경남도 함흥 남남동쪽 34km 해역
2017-02-10 5:22,2.2, ,35.65,129.57,울산 북구 동북동쪽 20km 해역
2017-02-10 18:01,2.6, ,38.54,125.84,북한 황해북도 사리원 동북동쪽 8km 지역
2017-02-12 9:22,2.3, ,35.69,129.58,울산 북구 동북동쪽 23km 해역
2017-02-16 2:34,2.9, ,35.78,129.2,경북 경주시 남남서쪽 7km 지역
2017-02-16 18:20,2.3, ,35.64,128.09,경남 합천군 북서쪽 11km 지역
2017-02-18 16:53,2, ,33.23,126.18,제주 서귀포시 서쪽 35km 해역
2017-02-18 20:58,2.4, ,35.23,126.94,광주 북구 북북동쪽 7km 지역
2017-02-21 3:21,2.1, ,35.76,129.2,경북 경주시 남쪽 9km 지역
2017-02-22 13:08,2.1, ,35.77,129.18,경북 경주시 남남서쪽 8km 지역
2017-02-23 21:03,3.1, ,37.4,124.89,인천 백령도 남남동쪽 64km 해역
2017-02-24 11:34,2.3, ,36.38,127.79,충북 옥천군 동북동쪽 21km 지역
2017-02-24 12:29,2.5, ,38.89,126.09,북한 평양 동남동쪽 33km 지역
2017-02-25 6:58,2.2, ,35.74,129.17,경북 경주시 남남서쪽 12km 지역
2017-02-25 6:59,2.4, ,35.74,129.18,경북 경주시 남남서쪽 11km 지역
2017-03-04 6:33,2.3, ,35.99,127.95,경북 김천시 남서쪽 22km 지역
2017-03-05 7:52,2.4, ,35.75,129.17,경북 경주시 남남서쪽 11km 지역
2017-03-05 9:18,3.2, ,37.75,129.66,강원 동해시 동북동쪽 54km 해역
2017-03-05 9:28,2.4, ,37.74,129.69,강원 동해시 동북동쪽 56km 해역
2017-03-05 15:09,2.1, ,37.72,129.59,강원 동해시 동북동쪽 47km 해역
2017-03-05 19:19,2.1, ,37.77,129.7,강원 동해시 동북동쪽 58km 해역
2017-03-06 6:21,2, ,35.75,126.1,전북 부안군 위도 북서쪽 24km 해역
2017-03-07 3:48,2.2, ,36.3,128.23,경북 구미시 북북서쪽 23km 지역
2017-03-07 6:53,2.6, ,37.75,129.71,강원 동해시 동북동쪽 58km 해역
2017-03-09 2:24,2, ,35.82,129.78,경북 포항시 남구 동남동쪽 43km 해역
2017-03-14 5:41,2.1,22,34.64,127.78,전남 여수시 남동쪽 17km 지역
2017-03-19 3:01,2.9, ,33.32,127.18,제주 서귀포시 성산 동남동쪽 29km 해역
2017-03-21 23:19,2.4, ,38.52,126.03,북한 황해북도 사리원 동쪽 23km 지역
2017-03-27 9:28,2, ,35.21,126.95,광주 북구 북동쪽 5km 지역
2017-03-28 0:48,2.2, ,37.17,125.48,인천 옹진군 연평도 남남서쪽 58km 해역
2017-03-28 15:45,2, ,35.79,129.2,경북 경주시 남남서쪽 5km 지역
2017-03-30 21:49,2, ,35.76,129.19,경북 경주시 남남서쪽 9km 지역
2017-03-31 13:46,3.3, ,35.78,129.2,경북 경주시 남남서쪽 7km 지역
2017-03-31 13:53,2.5, ,35.78,129.2,경북 경주시 남남서쪽 6km 지역
2017-04-01 16:04,2.2, ,35.78,129.2,경북 경주시 남남서쪽 7km 지역
2017-04-04 23:25,2.2, ,35.67,129.85,울산 동구 동북동쪽 43km 해역
2017-04-07 0:04,2, ,35.97,127.8,전북 무주군 동남동쪽 13km 지역
2017-04-08 18:20,2.7, ,35.76,129.18,경북 경주시 남남서쪽 9km 지역
2017-04-08 23:13,2.1, ,38.72,125.61,북한 황해북도 송림 북북서쪽 2km 지역
2017-04-09 1:45,2.1, ,35.76,129.2,경북 경주시 남쪽 9km 지역
2017-04-09 14:12,2.4, ,38.99,126.2,북한 평안남도 성천 남쪽 28km 지역
2017-04-10 4:02,2.3, ,35.16,128.77,경남 창원시 진해구 동북동쪽 6km 지역
2017-04-15 5:41,2.2, ,35.76,129.18,경북 경주시 남남서쪽 9km 지역
2017-04-15 11:31,3.1, ,36.11,129.36,경북 포항시 북구 북쪽 8km 지역
2017-04-15 17:16,2, ,36.11,129.37,경북 포항시 북구 북쪽 8km 지역
2017-04-16 21:39,2.2, ,36.7,125.18,충남 태안군 서격렬비도 서북서쪽 33km 해역
2017-04-18 1:17,2, ,35.76,129.18,경북 경주시 남남서쪽 9km 지역
2017-04-18 17:36,2.1, ,35.5,128.88,경남 밀양시 동쪽 12km 지역
2017-04-20 16:00,3.2, ,33.77,127.28,전남 여수시 거문도 남쪽 29km 해역
2017-04-28 5:54,2.4, ,33.33,127.85,제주 서귀포시 성산 동쪽 90km 해역
2017-04-28 11:19,2.1, ,36.6,128.81,경북 안동시 동북동쪽 8km 지역
2017-05-04 1:08,2.6, ,36.61,129.44,경북 영덕군 북북동쪽 22km 해역
2017-05-04 21:46,2.4, ,36.74,128.1,경북 문경시 북북서쪽 18km 지역
2017-05-05 0:02,2, ,36.73,128.1,경북 문경시 북북서쪽 18km 지역
2017-05-05 23:16,3, ,35.32,127.43,전남 구례군 북북서쪽 13km 지역
2017-05-10 14:06,2.5, ,35.88,126.19,전북 부안군 위도 북북서쪽 32km 해역
2017-05-10 22:31,2.1, ,36.61,129.45,경북 영덕군 북북동쪽 23km 해역
2017-05-13 18:37,2.8, ,36.61,129.44,경북 영덕군 북북동쪽 23km 해역
2017-05-16 20:06,2.1, ,36.85,124.55,충남 태안군 서격렬비도 서북서쪽 92km 해역
2017-05-16 23:29,2.2, ,36.6,128.92,경북 안동시 동북동쪽 17km 지역
2017-05-20 16:29,2, ,35.92,128.27,경북 성주군 북서쪽 1km 지역
2017-05-20 22:29,2.9, ,37.73,129.62,강원 동해시 동북동쪽 50km 해역
2017-05-25 11:20,3, ,36.96,124.4,충남 태안군 서격렬비도 서북서쪽 109km 해역
2017-05-28 15:47,2.7, ,35.67,129.56,울산 북구 동북동쪽 20km 해역
2017-06-04 5:16,2.1, ,36.83,128.1,충북 충주시 남동쪽 24km 지역
2017-06-11 18:16,2, ,37.28,129.21,강원 삼척시 남남동쪽 19km 지역
2017-06-11 20:31,2.5, ,35.77,129.17,경북 경주시 남남서쪽 9km 지역
2017-06-13 8:01,2.1, ,35.74,129.18,경북 경주시 남남서쪽 11km 지역
2017-06-14 2:43,2.2, ,38.34,126.14,북한 황해북도 평산 서쪽 22km 지역
2017-06-15 16:56,2.4, ,36.54,125.07,충남 태안군 서격렬비도 서쪽 42km 해역
2017-06-17 14:30,2.3, ,33.38,127.21,제주 서귀포시 성산 동쪽 30km 해역
2017-06-20 11:02,2, ,35.85,129.08,경북 경주시 서쪽 12km 지역
2017-06-27 20:17,2, ,35.77,129.2,경북 경주시 남남서쪽 8km 지역
2017-06-28 13:00,2.7, ,40,125.81,북한 평안북도 영변 북쪽 22km 지역
2017-07-05 19:17,2.5,5,35.99,127.97,경북 김천시 남서쪽 21km 지역
2017-07-06 6:00,2.4,6,36,127.94,경북 김천시 남서쪽 22km 지역
2017-07-08 23:45,2.8, ,40.4,127.29,북한 함경남도 장진 동북동쪽 5km 지역
2017-07-09 3:43,2.1,18,33.51,125.73,제주 제주시 고산 서북서쪽 47km 해역
2017-07-18 10:31,2.7,17,37.69,126.19,인천 강화군 서남서쪽 27km 해역
2017-07-19 10:23,2.2,28,33.77,126.12,제주 제주시 북서쪽 48km 해역
2017-07-20 14:38,2,11,37.39,129.54,강원 삼척시 동남동쪽 33km 해역
2017-08-07 20:53,2.6,0,38.7,125.63,북한 황해북도 송림 남남서쪽 4km 지역
2017-08-09 13:53,2.7,12,33.87,125.52,전남 신안군 흑산면 남쪽 87km 해역
2017-08-15 21:32,2.6,0,38.73,125.67,북한 황해북도 송림 동쪽 3km 지역
2017-08-16 0:35,2.5,0,38.73,125.69,북한 황해북도 송림 동쪽 5km 지역
2017-08-21 1:30,2.1,0,38.82,126.13,북한 평양 동남동쪽 39km 지역
2017-08-29 22:06,2.4,7,35.31,125.36,전남 영광군 안마도 서쪽 61km 해역
2017-09-01 5:57,2.1,18,36.42,127.21,충남 공주시 동남동쪽 9km 지역
2017-09-07 14:58,2.9,19,37.6,125.34,인천 옹진군 연평도 서남서쪽 33km 해역
2017-09-11 17:25,3.2,0,35.29,124.16,전남 신안군 흑산면 서북서쪽 139km 해역
2017-09-16 1:34,2.2,19,34.25,127.13,전남 여수시 거문도 북서쪽 29km 해역
2017-09-23 13:43,2.6,2,41.35,129.06,북한 함경북도 길주 북북서쪽 49km 지역
2017-09-23 17:29,3.2,2,41.35,129.06,북한 함경북도 길주 북북서쪽 49km 지역
2017-09-30 15:34,2.5,18,33.42,127.15,제주 서귀포시 성산 동쪽 25km 해역
2017-10-04 2:11,2.4,22,35.56,129.88,울산 동구 동쪽 42km 해역
2017-10-04 12:10,2.1,11,36.16,127.13,충남 논산시 남동쪽 4km 지역
2017-10-08 12:18,2.8,16,34.84,127.25,전남 보성군 동북동쪽 17km 지역
2017-10-13 1:41,2.7,3,41.39,129.03,북한 함경북도 길주 북북서쪽 54km 지역
2017-10-16 6:08,2.8,18,33.86,125.3,전남 신안군 흑산면 남쪽 89km 해역
2017-10-16 15:51,2.5,14,35.79,129.19,경북 경주시 남남서쪽 6km 지역
2017-10-18 4:56,2.6,16,36.59,129.45,경북 영덕군 북북동쪽 20km 해역
2017-10-20 6:41,2,13,35.9,127.54,전북 진안군 북동쪽 15km 지역
2017-10-20 12:20,2.2,11,38.44,126.16,북한 황해북도 평산 서북서쪽 24km 지역
2017-10-21 13:11,2.7,12,33.63,126.05,제주 제주시 고산 북북서쪽 39km 해역
2017-10-29 2:14,2.2,12,34.39,127.34,전남 고흥군 남남동쪽 25km 해역
2017-10-30 11:02,2.1,10,36.42,126.48,충남 보령시 북서쪽 15km 해역
2017-11-08 9:35,2.5,13,33.05,126.2,제주 제주시 고산 남쪽 28km 해역
2017-11-08 17:52,2,9,35.16,128.57,경남 창원 마산합포구 남쪽 4km 지역
2017-11-09 13:29,2,16,35.75,129.18,경북 경주시 남남서쪽 10km 지역
2017-11-11 17:18,2.2,18,34.84,127.46,전남 순천시 남남서쪽 12km 지역
2017-11-14 2:17,2.7,4,37.29,124.82,인천 백령도 남쪽 75km 해역
2017-11-15 14:22,2.2,9,36.11,129.36,경북 포항시 북구 북쪽 7km 지역
2017-11-15 14:22,2.6,0,36.08,129.31,경북 포항시 북구 북서쪽 7km 지역
2017-11-15 14:29,5.4,7,36.11,129.37,경북 포항시 북구 북쪽 8km 지역
2017-11-15 14:32,3.6,8,36.1,129.36,경북 포항시 북구 북쪽 7km 지역
2017-11-15 14:46,2.5,6,36.12,129.39,경북 포항시 북구 북북동쪽 9km 지역
2017-11-15 14:50,2.4,8,36.1,129.36,경북 포항시 북구 북쪽 6km 지역
2017-11-15 14:52,2.4,9,36.11,129.35,경북 포항시 북구 북쪽 8km 지역
2017-11-15 14:56,2.8,12,36.1,129.35,경북 포항시 북구 북북서쪽 7km 지역
2017-11-15 14:58,2.9, ,36.12,129.37,경북 포항시 북구 북쪽 9km 지역
2017-11-15 15:00,2.9,8,36.11,129.35,경북 포항시 북구 북쪽 7km 지역
2017-11-15 15:09,3.5,8,36.09,129.34,경북 포항시 북구 북북서쪽 6km 지역
2017-11-15 15:14,2.5,9,36.11,129.35,경북 포항시 북구 북쪽 8km 지역
2017-11-15 15:19,2.4,11,36.14,129.38,경북 포항시 북구 북쪽 11km 지역
2017-11-15 15:23,2.6,11,36.09,129.35,경북 포항시 북구 북북서쪽 6km 지역
2017-11-15 15:36,2.3,7,36.09,129.33,경북 포항시 북구 북북서쪽 6km 지역
2017-11-15 15:55,2.2,10,36.12,129.37,경북 포항시 북구 북쪽 9km 지역
2017-11-15 16:11,2.9,12,36.13,129.36,경북 포항시 북구 북쪽 10km 지역
2017-11-15 16:16,2.4,8,36.09,129.35,경북 포항시 북구 북북서쪽 6km 지역
2017-11-15 16:18,2,6,36.14,129.36,경북 포항시 북구 북쪽 11km 지역
2017-11-15 16:49,4.3,10,36.12,129.36,경북 포항시 북구 북쪽 9km 지역
2017-11-15 16:57,2.2,7,36.14,129.37,경북 포항시 북구 북쪽 11km 지역
2017-11-15 17:11,2.8, ,36.08,129.31,경북 포항시 북구 북서쪽 7km 지역
2017-11-15 17:42,2.2,10,36.14,129.37,경북 포항시 북구 북쪽 11km 지역
2017-11-15 18:41,2.1,11,36.09,129.32,경북 포항시 북구 북서쪽 6km 지역
2017-11-15 18:48,2.1,5,36.14,129.38,경북 포항시 북구 북쪽 11km 지역
2017-11-15 18:51,2,11,36.14,129.38,경북 포항시 북구 북쪽 11km 지역
2017-11-15 18:57,2.3,8,36.11,129.35,경북 포항시 북구 북북서쪽 8km 지역
2017-11-15 18:58,2.2,8,36.1,129.35,경북 포항시 북구 북북서쪽 7km 지역
2017-11-15 18:59,2.1,9,36.11,129.35,경북 포항시 북구 북쪽 8km 지역
2017-11-15 20:54,2.4,10,36.1,129.35,경북 포항시 북구 북북서쪽 7km 지역
2017-11-15 21:35,2,11,36.11,129.36,경북 포항시 북구 북쪽 8km 지역
2017-11-15 21:59,2.1,7,36.14,129.36,경북 포항시 북구 북쪽 10km 지역
2017-11-15 22:24,2.1,7,36.14,129.38,경북 포항시 북구 북쪽 11km 지역
2017-11-15 22:43,2.1,10,36.1,129.36,경북 포항시 북구 북쪽 7km 지역
2017-11-15 23:05,2,12,36.1,129.36,경북 포항시 북구 북쪽 6km 지역
2017-11-15 23:18,2.1,10,36.13,129.38,경북 포항시 북구 북쪽 10km 지역
2017-11-16 0:21,2.4,8,36.14,129.35,경북 포항시 북구 북쪽 10km 지역
2017-11-16 0:38,2,9,36.09,129.35,경북 포항시 북구 북북서쪽 6km 지역
2017-11-16 1:23,2.1,11,36.09,129.35,경북 포항시 북구 북북서쪽 6km 지역
2017-11-16 1:36,2.5,14,36.14,129.36,경북 포항시 북구 북쪽 10km 지역
2017-11-16 2:37,2.3,8,36.14,129.37,경북 포항시 북구 북쪽 11km 지역
2017-11-16 5:03,2,8,36.08,129.34,경북 포항시 북구 북북서쪽 5km 지역
2017-11-16 5:54,2.5,10,36.09,129.34,경북 포항시 북구 북북서쪽 6km 지역
2017-11-16 9:02,3.6,8,36.12,129.37,경북 포항시 북구 북쪽 8km 지역
2017-11-16 9:47,2.1,11,36.12,129.37,경북 포항시 북구 북쪽 9km 지역
2017-11-16 10:37,2.3,11,36.1,129.35,경북 포항시 북구 북북서쪽 6km 지역
2017-11-16 14:04,2.3,7,36.13,129.37,경북 포항시 북구 북쪽 10km 지역
2017-11-16 14:31,2,10,36.1,129.34,경북 포항시 북구 북북서쪽 7km 지역
2017-11-16 16:48,2.4,12,36.12,129.36,경북 포항시 북구 북쪽 8km 지역
2017-11-16 17:31,2,8,36.11,129.37,경북 포항시 북구 북쪽 7km지역
2017-11-16 17:32,2.2,8,36.12,129.36,경북 포항시 북구 북쪽 9km지역
2017-11-16 19:05,2.4,9,36.12,129.36,경북 포항시 북구 북쪽 9km지역
2017-11-17 1:17,2.1,11,36.08,129.33,경북 포항시 북구 북북서쪽 6km지역
2017-11-17 8:25,2.1,11,36.12,129.37,경북 포항시 북구 북쪽 8km지역
2017-11-17 18:57,2.6,12,36.1,129.35,경북 포항시 북구 북북서쪽 6km 지역
2017-11-19 1:18,2,8,36.11,129.34,경북 포항시 북구 북북서쪽 8km 지역
2017-11-19 3:33,2.4,12,36.09,129.35,경북 포항시 북구 북북서쪽 6km 지역
2017-11-19 5:07,2.1,8,36.12,129.38,경북 포항시 북구 북쪽 9km 지역
2017-11-19 6:40,2.2,11,36.09,129.34,경북 포항시 북구 북북서쪽 6km 지역
2017-11-19 23:45,3.5,9,36.12,129.36,경북 포항시 북구 북쪽 9km 지역
2017-11-20 6:05,3.6,12,36.14,129.36,경북 포항시 북구 북쪽 11km 지역
2017-11-21 5:58,2,13,36.09,129.35,경북 포항시 북구 북쪽 6km 지역
2017-11-21 8:57,2.1,9,36.09,129.34,경북 포항시 북구 북북서쪽 5km 지역
2017-11-21 9:53,2.4,4,36.11,129.33,경북 포항시 북구 북북서쪽 8km 지역
2017-11-22 12:41,2.5,8,36.1,129.35,경북 포항시 북구 북북서쪽 6km 지역
2017-11-22 22:15,2,8,36.12,129.35,경북 포항시 북구 북쪽 9km 지역
2017-11-23 23:27,2.3,14,36.11,129.37,경북 포항시 북구 북쪽 8km 지역
2017-11-24 0:29,2.6,0,37.23,125.04,인천 옹진군 연평도 남서쪽 76km 해역
2017-11-24 1:17,2.3,8,36.11,129.35,경북 포항시 북구 북쪽 7km 지역
2017-11-24 21:27,2.3,13,34.05,125.57,전남 신안군 흑산면 남쪽 68km 해역
2017-11-25 12:51,2,8,36.1,129.35,경북 포항시 북구 북쪽 7km 지역
2017-11-25 14:10,2.3,8,36.11,129.35,경북 포항시 북구 북쪽 7km 지역
2017-11-26 3:13,2.9,0,36.69,124.65,충남 태안군 서격렬비도 서쪽 79km 해역
2017-12-01 8:03,2.4,7,36.1,129.35,경북 포항시 북구 북북서쪽 7km 지역
2017-12-01 16:23,2.7,8,33.24,127.32,제주 서귀포시 성산 동남동쪽 44km 해역
2017-12-02 7:45,2.5,2,41.32,129.2,북한 함경북도 길주 북북서쪽 43km 지역
2017-12-03 1:13,2.1,13,36.75,128.82,경북 안동시 북북동쪽 22km 지역
2017-12-04 21:55,2.5,21,33.42,127.15,제주 서귀포시 성산 동쪽 25km 해역
2017-12-05 21:19,2.1,11,36.02,129.45,경북 포항시 남구 동쪽 9km 해역
2017-12-05 23:40,2.7, ,41.32,129.13,북한 함경북도 길주 북북서쪽 44km 지역
2017-12-09 1:49,2.2,8,36.1,129.35,경북 포항시 북구 북북서쪽 7km 지역
2017-12-09 2:39,2.3,9,36.1,129.35,경북 포항시 북구 북북서쪽 7km 지역
2017-12-09 15:13,3,16,41.32,129.1,북한 함경북도 길주 북북서쪽 45km 지역
2017-12-09 15:40,2.8, ,41.31,129.11,북한 함경북도 길주 북북서쪽 43km 지역
2017-12-09 16:15,2.3,23,35.61,129.99,울산 동구 동북동쪽 54km 해역
2017-12-12 10:06,2.5, ,38.32,126.18,북한 황해북도 평산 서쪽 19km 지역
2017-12-19 13:34,2.1,7,35.77,129.42,경북 경주시 동남동쪽 20km 지역
2017-12-20 19:22,2.3,18,36.09,125.64,충남 태안군 서격렬비도 남쪽 57km 해역
2017-12-21 12:01,2,5,36.72,128.01,경북 문경시 북서쪽 21km 지역
2017-12-22 12:35,2.2, ,39.31,127.15,북한 함경남도 고원 남남서쪽 15km 지역
2017-12-25 16:19,3.5,10,36.11,129.36,경북 포항시 북구 북쪽 8km 지역
2017-12-25 16:32,2.1,8,36.11,129.36,경북 포항시 북구 북쪽 7km 지역
2017-12-26 4:05,2.2,7,36.14,129.37,경북 포항시 북구 북쪽 11km 지역
2017-12-27 19:27,2.8,8,36.11,129.36,경북 포항시 북구 북쪽 7km 지역
2017-12-27 19:42,2.3,8,36.11,129.36,경북 포항시 북구 북쪽 7km 지역
2017-12-29 17:40,2.1,10,36.11,129.34,경북 포항시 북구 북북서쪽 8km 지역
2017-12-30 19:44,2,17,35.76,129.17,경북 경주시 남남서쪽 9km 지역
2018-01-01 18:35,2.1,0,38.33,126.16,북한 황해북도 평산 서쪽 20km 지역
2018-01-01 19:11,2,8,36.11,129.36,경북 포항시 북구 북쪽 8km 지역
2018-01-06 2:47,2.2,12,37.71,125.94,북한 인천 옹진군 연평도 동북동쪽 21km 해역
2018-01-09 16:17,2.1,20,33.98,127.11,전남 여수시 거문도 서남서쪽 19km 해역
2018-01-10 18:42,2,20,36.26,127.34,대전 서구 남남서쪽 12km 지역
2018-01-24 1:25,2.4,16,34.32,127.32,전남 여수시 거문도 북쪽 32km 해역
2018-01-28 20:07,3.2,6,40.24,127.3,북한 함경남도 장진 남남동쪽 16km 지역
2018-02-02 12:21,2.9,9,36.12,129.37,경북 포항시 북구 북쪽 9km 지역
2018-02-03 11:12,2,6,36.14,129.36,경북 포항시 북구 북쪽 11km 지역
2018-02-03 12:35,2.6,19,33.77,127.4,전남 여수시 거문도 남남동쪽 30km 해역
2018-02-04 15:43,2.1,7,36.11,129.36,경북 포항시 북구 북쪽 8km 지역
2018-02-04 18:50,2.8,14,36.37,127.62,충북 옥천군 북북동쪽 8km 지역
2018-02-04 22:20,2.3,8,36.06,129.31,경북 포항시 북구 서북서쪽 5km 지역
2018-02-06 9:18,2.5,12,36.08,129.33,경북 포항시 북구 북서쪽 5km 지역
2018-02-06 19:53,2.6,0,41.33,129.1,북한 함경북도 길주 북북서쪽 46Km 지역
2018-02-08 6:46,2.7,1,41.32,129.09,북한 함경북도 길주 북북서쪽 45km 지역
2018-02-08 9:56,2.7,9,35.1,124.99,전남 신안군 흑산면 북서쪽 67km 해역
2018-02-09 0:43,2.5,4,33.92,125.22,전남 신안군 흑산면 남남서쪽 85km 해역
2018-02-10 1:32,2.4,10,36.6,125.76,충남 태안군 서격렬비도 동쪽 20km 해역
2018-02-11 5:03,4.6,14,36.08,129.33,경북 포항시 북구 북서쪽 5km 지역
2018-02-11 5:07,2.5,12,36.08,129.33,경북 포항시 북구 북서쪽 5km 지역
2018-02-11 5:12,2.2,11,36.07,129.34,경북 포항시 북구 북서쪽 4km 지역
2018-02-11 5:14,2.2,10,36.08,129.33,경북 포항시 북구 북서쪽 5km 지역
2018-02-11 5:18,2.1,9,36.07,129.32,경북 포항시 북구 북서쪽 5km 지역
2018-02-11 5:38,2.1,10,36.09,129.32,경북 포항시 북구 북서쪽 7km 지역
2018-02-11 8:11,2.1,13,36.08,129.34,경북 포항시 북구 북북서쪽 5km 지역
2018-02-11 12:14,2.1,9,36.08,129.32,경북 포항시 북구 북서쪽 6km 지역
2018-02-11 12:49,2.4,16,36.08,129.33,경북 포항시 북구 북서쪽 5km 지역
2018-02-13 6:30,2.6,9,36.07,129.33,경북 포항시 북구 북서쪽 5km 지역
2018-02-13 10:32,2.5,10,36.12,129.37,경북 포항시 북구 북쪽 9km 지역
2018-02-14 2:14,2.3,8,37.8,125.38,북한 황해남도 옹진 남쪽 14km 해역
2018-02-17 18:35,2,12,36.11,129.37,경북 포항시 북구 북쪽 8km 지역
2018-02-17 21:31,2.6,8,36.09,129.33,경북 포항시 북구 북북서쪽 6km 지역
2018-02-17 23:38,2.2,9,36.1,129.35,경북 포항시 북구 북북서쪽 6km 지역
2018-02-18 3:34,2.4,9,36.07,129.33,경북 포항시 북구 북서쪽 4km 지역
2018-02-26 2:23,2.4,16,33.97,126.87,전남 완도군 남남동쪽 39km 해역
2018-02-26 11:06,2.5,6,34.52,125.32,전남 신안군 흑산면 남서쪽 20km 해역
2018-02-27 13:14,2.4,13,37.09,124.87,충남 태안군 서격렬비도 북서쪽 80km 해역
2018-03-04 0:52,2.6,9,38.13,130.33,경북 울릉군 북서쪽 88km 해역
2018-03-08 23:16,2,15,35.3,127.33,전남 곡성군 동북동쪽 4km 지역
2018-03-08 23:38,2,17,35.31,127.32,전남 곡성군 북동쪽 4km 지역
2018-03-09 18:05,2.2,7,36.95,126.45,충남 서산시 북쪽 18km 지역
2018-03-10 1:31,2.8,6,36.14,129.37,경북 포항시 북구 북쪽 11km 지역
2018-03-16 0:23,2,6,36.98,128.42,충북 단양군 동남동쪽 5km 지역
2018-03-16 18:02,2.7,12,36.1,129.35,경북 포항시 북구 북북서쪽 7km 지역
2018-03-26 9:40,2.7,0,37.78,124.83,인천 백령도 남동쪽 24km 해역
2018-03-31 0:20,2,8,36.1,129.36,경북 포항시 북구 북쪽 7km 지역
2018-04-06 21:09,2.6,24,36.08,129.82,경북 포항시 북구 동쪽 41km 해역
2018-04-09 12:15,2.4,16,35.76,129.19,경북 경주시 남남서쪽 8km 지역
2018-04-23 4:31,2.3,0,41.35,129.12,북한 함경북도 길주 북북서쪽 47km 지역
2018-04-23 13:10,2.4,17,33.21,126.4,제주 서귀포시 서남서쪽 16km 해역
2018-04-24 5:20,2.5,10,37.06,125.92,인천 옹진군 덕적도 남서쪽 27km 해역
2018-05-01 19:09,2,15,35.77,129.2,경북 경주시 남쪽 8km 지역
2018-05-02 12:34,2.5,11,36.56,127.64,충북 보은군 북서쪽 11km 지역
2018-05-04 19:20,2,12,36.1,127.7,충북 영동군 남서쪽 11km 지역
2018-05-07 1:52,2,16,36.72,128.37,경북 예천군 북서쪽 10km 지역
2018-05-14 2:07,2.5,16,33.62,125.58,제주 제주시 고산 서북서쪽 65km 해역
2018-05-20 13:58,2,10,34.16,125.61,전남 신안군 흑산면 남남동쪽 56km 해역
2018-05-22 0:12,2.2,18,36.37,129.49,경북 영덕군 동남동쪽 12km 해역
2018-05-31 0:13,2.6,17,36.22,129.38,경북 포항시 북구 북쪽 20km 지역
2018-05-31 16:38,2.8,8,38.53,127.68,북한 강원 회양 남남동쪽 19km 지역
2018-06-09 17:38,2.3,18,35.87,129.73,경북 포항시 남구 동남동쪽 37km 해역
2018-06-15 11:10,2.1,14,36.39,128.49,경북 의성군 서북서쪽 19km 지역
2018-06-16 21:05,2.3,3,37.19,129.08,강원 삼척시 남남서쪽 30km 지역
2018-06-20 23:06,2.1,14,34.9,124.81,전남 신안군 흑산면 서북서쪽 66km 해역
2018-06-28 18:43,2.7,9,38.18,127.34,강원 철원군 북북동쪽 4km 지역
2018-06-28 21:03,2.2,0,36.99,125.25,충남 태안군 서격렬비도 북북서쪽 50km 해역
2018-07-01 15:33,2.2,18,37.63,129.48,강원 삼척시 북동쪽 34km 해역
2018-07-04 4:39,2.1,10,37.3,127.7,경기 여주시 동쪽 6km 지역
2018-07-17 20:19,2.7,4,35.91,127.81,전북 무주군 남동쪽 17km 지역
2018-07-19 5:52,2.5,23,35.83,129.8,경북 포항시 남구 동남동쪽 44km 해역
2018-07-20 12:14,2.4,20,36.01,126.16,전북 군산시 어청도 남동쪽 21km 해역
2018-07-20 12:29,2.3,21,35.84,129.79,경북 포항시 남구 동남동쪽 43km 해역
2018-07-21 23:30,2.2,13,34.47,127.25,전남 고흥군 남남서쪽 16km 해역
2018-07-22 13:59,2.9,13,33.41,125.91,제주 제주시 서쪽 58km 해역
2018-08-09 0:21,2.1,0,37.03,125.3,충남 태안군 서격렬비도 북북서쪽 51km 해역
2018-08-09 0:23,2.1,0,37.03,125.27,충남 태안군 서격렬비도 북북서쪽 53km 해역
2018-08-10 21:41,2.4,1,33.21,127.53,제주 서귀포시 동쪽 90km 해역
2018-08-15 3:02,2.5,26,37.27,130.63,경북 울릉군 울릉도 남서쪽 34km 해역
2018-08-24 2:57,2.6,12,37.92,125.68,북한 황해남도 해주 남남서쪽 14km 지역
2018-08-24 21:28,2.1,18,34.33,127.42,전남 고흥군 남남동쪽 34km 해역
2018-08-29 5:01,2.5,11,37,129.32,경북 울진군 서쪽 7km 지역
2018-09-14 9:08,2.2,14,36.78,128.36,경북 문경시 북동쪽 26km 지역
2018-09-15 21:45,2.4,0,37.07,129.91,경북 울진군 동쪽 46km 해역
2018-09-17 10:52,2.4,12,36.05,129.69,경북 포항시 북구 동쪽 29km 해역
2018-09-24 17:38,2.8,0,40.2,127.7,북한 함경남도 신흥 북동쪽 30km 지역
2018-09-25 4:05,2.5,16,33.46,125.8,제주 제주시 서쪽 68km 해역
2018-09-27 12:24,2.4,0,38.74,125.7,북한 황해북도 송림 동쪽 6km 지역
2018-10-12 16:43,2.3,13,38.67,127.18,북한 강원 평강 북북서쪽 30km 지역
2018-10-14 14:46,2.4,0,37.49,124.58,인천 옹진군 백령도 남쪽 52km 해역
2018-10-17 3:14,2,14,36.16,127.3,충남 논산시 동쪽 18km 지역
2018-10-20 1:22,2.6,0,37.26,129.96,경북 울진군 동북동쪽 58km 해역
2018-10-22 12:09,2.1,11,35.61,124.94,전북 군산시 어청도 서남서쪽 109km 해역
2018-10-24 15:14,2.2,7,38.04,125.37,북한 황해남도 옹진 북쪽 12km 지역
2018-10-25 5:53,2.3,16,35.76,129.19,경북 경주시 남남서쪽 9km 지역
2018-11-04 17:04,2.5,15,36.08,128.25,경북 김천시 동남동쪽 14km 지역
2018-11-05 12:01,3.2,2,37.8,124.9,인천 옹진군 백령도 남동쪽 26km 해역
2018-11-05 12:07,3.1,15,37.85,124.87,인천 옹진군 백령도 남동쪽 20km 해역
2018-11-19 3:34,2.1,20,36.42,127.3,대전 유성구 북서쪽 8km 지역
2018-11-20 14:10,2.3,17,33.52,127.29,전남 여수시 거문도 남쪽 57km 해역
2018-11-22 18:36,2.2,19,35.91,129.71,경북 포항시 남구 동남동쪽 33km 해역
2018-11-24 8:16,2.9,10,38.7,127.16,북한 강원 평강 북북서쪽 34km 지역
2018-11-25 2:58,2.2,0,38.73,125.92,북한 황해북도 송림 동쪽 25km 지역
2018-11-25 23:27,2.1,12,33.15,126.09,제주 서귀포시 서남서쪽 45km 해역
2018-11-29 3:05,3.3,13,34.94,124.53,전남 신안군 흑산도 서북서쪽 92km 해역
2018-11-29 14:52,2.1,17,37.32,129.69,경북 울진군 북동쪽 44km 해역
2018-12-05 8:01,2.1,17,36.45,129.62,경북 영덕군 동쪽 23km 해역
2018-12-05 8:28,2.5,17,36.45,129.62,경북 영덕군 동쪽 23km 해역
2018-12-08 4:16,2.4,17,36.31,128.25,경북 구미시 북북서쪽 23km 지역
2018-12-09 14:06,2.2,19,35.86,129.69,경북 포항시 남구 동남동쪽 34km 해역
2018-12-12 3:43,2.1,12,35.72,126.78,전북 부안군 동남동쪽 4km 지역
2018-12-17 2:16,2.2,20,36.53,129.65,경북 영덕군 동북동쪽 28km 해역
2018-12-20 13:23,2,21,35.88,129.69,경북 포항시 남구 동남동쪽 33km 해역
2018-12-21 16:06,2.7,12,35.76,127.95,경남 거창군 북북동쪽 9km 지역
2018-12-27 3:10,2,5,36.99,128.89,경북 봉화군 북동쪽 18km 지역
2019-01-01 6:49,3.1,19,36.53,129.66,경북 영덕군 동북동쪽 29km 해역
2019-01-02 7:20,2.8,12,41.3,129.21,북한 함경북도 길주 북북서쪽 40km 지역
2019-01-02 13:12,2.2,5,36.77,128.31,경북 문경시 북북동쪽 23km 지역
2019-01-09 3:10,3.7,18,37.37,124.23,인천 옹진군 백령도 남남서쪽 76km 해역
2019-01-10 5:31,2.5,17,35.79,129.2,경북 경주시 남남서쪽 5km 지역
2019-01-13 21:09,2,17,37.02,127.93,충북 충주시 북쪽 3km 지역
2019-01-17 21:34,2.7,17,33.94,127.62,전남 여수시 거문도 동남동쪽 30km 해역
2019-01-31 19:57,2.2,19,36.53,129.66,경북 영덕군 동북동쪽 29km 해역
2019-02-10 12:53,4.1,21,36.16,129.9,경북 포항시 북구 동북동쪽 50km 해역
2019-02-10 14:12,2.5,21,36.16,129.85,경북 포항시 북구 동북동쪽 45km 해역
2019-02-13 5:16,2.7,21,38.9,125.86,북한 평양 남동쪽 17km 지역
2019-02-17 22:19,2.6,12,33.29,126.25,제주 서귀포시 서쪽 29km 지역
2019-02-18 5:33,2.4,19,36.72,128.41,경북 예천군 북북서쪽 8km 지역
2019-02-20 22:14,2.9,14,36.51,125.5,충남 태안군 서격렬비도 남남서쪽 12km 해역
2019-02-25 9:30,2.9,10,36.77,129.03,경북 영양군 북북서쪽 14km 지역
2019-02-27 21:22,2.2,12,37.31,124.74,인천 옹진군 백령도 남쪽 72km 해역
2019-03-03 14:25,2.5,2,39.63,127.12,북한 함경남도 금야 북서쪽 15km 지역
2019-03-09 15:06,2,12,36.82,128.73,경북 봉화군 남쪽 8km 지역
2019-03-11 4:27,2.4,15,33.47,126.4,제주 제주시 서남서쪽 13km 지역
2019-03-13 12:20,2.4,13,33.63,126.93,제주 제주시 동북동쪽 40km 해역
2019-03-17 19:28,2.3,13,36.34,127.87,충북 옥천군 동쪽 27km 지역
2019-03-19 5:31,2.2,11,38.01,126,북한 황해남도 해주 동쪽 25km 지역
2019-03-21 4:41,2.8,11,41.32,129.09,북한 함경북도 길주 북북서쪽 45km 지역
2019-03-21 7:13,2.7,6,37.56,125.2,북한 황해남도 옹진 남남서쪽 43km 해역
2019-03-28 16:21,2.2,16,33.62,126.94,제주 제주시 동북동쪽 40km 해역
2019-04-19 11:16,4.3,32,37.88,129.54,강원 동해시 북동쪽 54km 해역
2019-04-22 5:45,3.8,21,36.86,129.8,경북 울진군 동남동쪽 38km 해역
2019-04-27 1:10,2.5,17,33.79,126.09,제주 제주시 북서쪽 52km 해역
2019-05-04 5:43,2.4,6,37.42,124.56,인천 옹진군 백령도 남쪽 60km 해역
2019-05-05 16:57,2.1,18,36.55,129.54,경북 영덕군 북동쪽 22km 해역
2019-05-10 16:05,2,12,36.56,129.64,경북 영덕군 동북동쪽 29km 해역
2019-05-13 23:50,2.4,17,33.35,127.17,제주 서귀포시 동쪽 58km 해역
2019-05-16 0:35,3.3,5,39.15,126.47,북한 평안남도 양덕 서남서쪽 16km 지역
2019-05-17 11:08,2.4,6,38.37,126.3,북한 황해북도 평산 서북서쪽 9km 지역
2019-06-11 23:18,2.5,19,35.76,129.19,경북 경주시 남남서쪽 9km 지역
2019-06-15 22:07,2.2,21,35.71,126.36,전북 부안군 서쪽 34km 해역
2019-06-21 13:20,2.5,7,38.81,125.68,북한 황해북도 송림 북북동쪽 9km 지역
2019-06-22 5:43,2.7,2,38.81,125.71,북한 황해북도 송림 북동쪽 10km 지역
2019-06-22 5:49,3.4,3,38.81,125.7,북한 황해북도 송림 북동쪽 10km 지역
2019-06-23 5:26,3.4,3,38.81,125.7,북한 황해북도 송림 북동쪽 10km 지역
2019-06-23 13:15,2.4,6,38.75,125.73,북한 황해북도 송림 동쪽 8km 지역
2019-06-23 18:41,2.4,16,36.69,128.41,경북 예천군 북서쪽 5km 지역
2019-06-27 15:19,3.9,2,38.8,125.69,북한 황해북도 송림 북동쪽 9km 지역
2019-06-27 15:37,2.5,3,38.77,125.7,북한 황해북도 송림 북동쪽 7km 지역
2019-06-27 15:39,2.1,2,38.75,125.71,북한 황해북도 송림 동북동쪽 7km 지역
2019-07-02 20:51,2.7,21,35.88,129.69,경북 포항시 남구 동남동쪽 33km 해역
2019-07-08 14:04,2.2,20,37.89,129.55,강원 동해시 북동쪽 56km 해역
2019-07-10 1:55,2.1,6,38.7,125.73,북한 황해북도 송림 동남동쪽 9km 지역
2019-07-20 0:38,2,15,36.33,128.08,경북 상주시 남서쪽 11km 지역
2019-07-21 11:04,3.9,14,36.5,128.1,경북 상주시 북북서쪽 11km 지역
2019-07-22 1:15,2,13,35.82,125.56,전북 군산시 어청도 남서쪽 50km 해역
2019-07-25 1:46,2.8,13,37.35,129.84,경북 울진군 북동쪽 56km 해역
2019-07-30 5:45,2.1,6,35,128.3,경남 고성군 북서쪽 4km 지역
2019-08-09 19:30,2.2,2,39.31,124.71,북한 평안북도 철산 남쪽 51km 해역
2019-08-10 22:45,2.3,18,33.78,126.92,전남 여수시 거문도 남서쪽 45km 해역
2019-08-11 18:19,2.1,10,37.97,124.63,인천 옹진군 백령도 서북서쪽 5km 지역
2019-08-20 10:34,2.8,22,33.57,124.81,전남 신안군 흑산도 남남서쪽 135km 해역
2019-08-23 19:50,2.7,7,37.96,124.69,인천 옹진군 백령도 북동쪽 1km 지역
2019-08-28 14:22,2.5,26,36.24,130.01,경북 영덕군 동남동쪽 61km 해역
2019-09-01 12:58,2.3,16,39.51,126.1,북한 평안남도 개천 남동쪽 27km 지역
2019-09-07 23:38,2,14,35.48,129.54,울산 동구 동남동쪽 12km 해역
2019-09-11 4:52,2,9,38.13,127.09,경기 연천군 북북동쪽 4km 지역
2019-09-19 18:19,2.6,6,33.65,124.99,전남 신안군 흑산도 남남서쪽 120km 해역
2019-09-21 15:11,3.5,17,38.67,127.17,북한 강원 평강 북북서쪽 31km 지역
2019-09-22 11:07,3.3,17,34.16,125.16,전남 신안군 흑산도 남남서쪽 62km 해역
2019-09-26 2:57,2.3,8,36.09,129.33,경북 포항시 북구 북북서쪽 6km 지역
2019-10-02 22:36,2.3,11,38.79,125.78,북한 황해북도 송림 동북동쪽 14km 지역
2019-10-04 3:57,2.6,9,35.47,128.86,경남 밀양시 동남동쪽 11km 지역
2019-10-12 20:46,2.5,17,35.18,129.77,울산 동구 남동쪽 48km 해역
2019-10-13 19:52,2,20,36.53,129.65,경북 영덕군 동북동쪽 28km 해역
2019-10-15 22:30,2.3,3,38.77,125.71,북한 황해북도 송림 동북동쪽 8km 지역
2019-10-20 0:05,2.2,10,33.41,125.13,제주 제주시 서쪽 130km 해역
2019-10-27 15:37,3.4,11,35.41,128.49,경남 창녕군 남쪽 15km 지역
2019-10-30 2:01,2.3,5,36.68,128.61,경북 안동시 북서쪽 16km 지역
2019-10-31 16:29,2.1,3,37.24,126.11,인천 옹진군 서남서쪽 52km 지역
2019-11-09 23:14,2.4,9,37.62,124.65,인천 옹진군 백령도 남쪽 37km 해역
2019-11-21 6:08,2.3,6,35.13,124.93,전남 신안군 흑산도 북서쪽 73km 해역
2019-11-21 19:55,2.4,12,33.83,128.09,전남 여수시 거문도 동남동쪽 75km 해역
2019-11-29 12:04,2,21,36.86,129.79,경북 울진군 동남동쪽 38km 해역
2019-12-04 17:19,2.6,9,33.94,124.7,전남 신안군 흑산도 남서쪽 106km 해역
2019-12-08 12:09,2,0,35.12,124.96,전남 신안군 흑산도 북서쪽 70km 해역
2019-12-12 20:29,2.1,21,33.55,126.92,제주 제주시 동쪽 36km 해역
2019-12-15 14:15,2,11,37.16,126.22,충남 서산시 북북서쪽 46km 해역
2019-12-17 16:00,2.1,11,38.01,126,북한 황해남도 해주 동쪽 25km 지역
2019-12-24 6:19,2.4,18,33.29,127.16,제주 서귀포시 동쪽 56km 해역
2019-12-29 8:43,2.3,17,33.33,127.16,제주 서귀포시 동쪽 56km 해역
2019-12-30 0:32,3.5,20,35.56,128.9,경남 밀양시 동북동쪽 15km 지역
2019-12-30 1:44,2.1,19,35.56,128.9,경남 밀양시 동북동쪽 15km 지역
